{
  "mode": "hardware-derived",
  "evidence_status": "hardware_derived_model",
  "node_count": 43,
  "noise_parameters": {
    "mean_t1_us": 131.79999999999998,
    "mean_t2_us": 83.16666666666667,
    "mean_readout_error": 0.02266666666666667,
    "mean_gate_error": 0.0011333333333333334,
    "mean_frequency_ghz": 5.0633333333333335,
    "mean_anharmonicity_ghz": 0.22666666666666666,
    "mean_cross_talk": 0.0145,
    "derived_phase_drift_rate": 0.012024048096192385,
    "derived_amplitude_decay_rate": 0.0075872534142640375,
    "derived_leakage_rate": 5.000000000000001e-05
  },
  "metrics": {
    "mean_weight": 0.4961555555555557,
    "density": 0.3488372093023256,
    "normalized_spectral_radius": 0.21696337837337376,
    "coherence_score": 0.353985381077085
  },
  "schema_version": "rfl.self_validating_lattice.v2",
  "next_step": "Correlate graph-level outputs with cross-repo or cross-session artifacts before treating the score as external evidence."
}